{
    "info": {
        "name": "Backend Assignment API",
        "description": "Complete API collection for the Backend Assignment project",
        "schema": "https://schema.getpostman.com/json/collection/v2.1.0/collection.json"
    },
    "variable": [
        {
            "key": "base_url",
            "value": "http://localhost:8000",
            "type": "string"
        },
        {
            "key": "admin_api_key",
            "value": "admin_secret_key_123",
            "type": "string"
        },
        {
            "key": "user_api_key",
            "value": "user_secret_key_456",
            "type": "string"
        }
    ],
    "item": [
        {
            "name": "User Management",
            "item": [
                {
                    "name": "Upload CSV Data",
                    "request": {
                        "method": "POST",
                        "header": [
                            {
                                "key": "X-API-KEY",
                                "value": "{{admin_api_key}}",
                                "type": "text"
                            }
                        ],
                        "body": {
                            "mode": "formdata",
                            "formdata": [
                                {
                                    "key": "file",
                                    "type": "file",
                                    "src": "/path/to/data.csv"
                                }
                            ]
                        },
                        "url": {
                            "raw": "{{base_url}}/api/upload",
                            "host": ["{{base_url}}"],
                            "path": ["api", "upload"]
                        }
                    },
                    "response": []
                },
                {
                    "name": "Get All Users",
                    "request": {
                        "method": "GET",
                        "header": [
                            {
                                "key": "X-API-KEY",
                                "value": "{{user_api_key}}",
                                "type": "text"
                            }
                        ],
                        "url": {
                            "raw": "{{base_url}}/api/users?page=1&limit=10",
                            "host": ["{{base_url}}"],
                            "path": ["api", "users"],
                            "query": [
                                {
                                    "key": "page",
                                    "value": "1"
                                },
                                {
                                    "key": "limit",
                                    "value": "10"
                                }
                            ]
                        }
                    },
                    "response": []
                }
            ]
        },
        {
            "name": "Database Management",
            "item": [
                {
                    "name": "Create Backup",
                    "request": {
                        "method": "GET",
                        "header": [
                            {
                                "key": "X-API-KEY",
                                "value": "{{admin_api_key}}",
                                "type": "text"
                            }
                        ],
                        "url": {
                            "raw": "{{base_url}}/api/backup",
                            "host": ["{{base_url}}"],
                            "path": ["api", "backup"]
                        }
                    },
                    "response": []
                },
                {
                    "name": "Restore Database",
                    "request": {
                        "method": "POST",
                        "header": [
                            {
                                "key": "X-API-KEY",
                                "value": "{{admin_api_key}}",
                                "type": "text"
                            }
                        ],
                        "body": {
                            "mode": "formdata",
                            "formdata": [
                                {
                                    "key": "backup_file",
                                    "type": "file",
                                    "src": "/path/to/backup.sql"
                                }
                            ]
                        },
                        "url": {
                            "raw": "{{base_url}}/api/restore",
                            "host": ["{{base_url}}"],
                            "path": ["api", "restore"]
                        }
                    },
                    "response": []
                },
                {
                    "name": "List Backups",
                    "request": {
                        "method": "GET",
                        "header": [
                            {
                                "key": "X-API-KEY",
                                "value": "{{admin_api_key}}",
                                "type": "text"
                            }
                        ],
                        "url": {
                            "raw": "{{base_url}}/api/backups",
                            "host": ["{{base_url}}"],
                            "path": ["api", "backups"]
                        }
                    },
                    "response": []
                }
            ]
        },
        {
            "name": "Twitter OAuth",
            "item": [
                {
                    "name": "Initiate Twitter Auth",
                    "request": {
                        "method": "GET",
                        "header": [
                            {
                                "key": "Accept",
                                "value": "application/json",
                                "type": "text"
                            }
                        ],
                        "url": {
                            "raw": "{{base_url}}/auth/twitter",
                            "host": ["{{base_url}}"],
                            "path": ["auth", "twitter"]
                        }
                    },
                    "response": []
                },
                {
                    "name": "Twitter Profile",
                    "request": {
                        "method": "GET",
                        "header": [
                            {
                                "key": "Accept",
                                "value": "application/json",
                                "type": "text"
                            }
                        ],
                        "url": {
                            "raw": "{{base_url}}/auth/twitter/profile",
                            "host": ["{{base_url}}"],
                            "path": ["auth", "twitter", "profile"]
                        }
                    },
                    "response": []
                }
            ]
        }
    ]
}