name,email,username,address,role
John Doe,john.doe@example.com,johndoe,"123 Main St, City, State 12345",USER
Jane Smith,jane.smith@example.com,janesmith,"456 Oak Ave, City, State 67890",USER
Bob Johnson,bob.johnson@example.com,bobjohnson,"789 Pine Rd, City, State 54321",USER
Alice Brown,alice.brown@example.com,alicebrown,"321 Elm St, City, State 98765",USER
Charlie Wilson,charlie.wilson@example.com,charliewilson,"654 Maple Dr, City, State 13579",ADMIN
Diana Davis,diana.davis@example.com,dianadavis,"987 Cedar Ln, City, State 24680",USER
Frank Miller,frank.miller@example.com,frankmiller,"147 Birch Blvd, City, State 97531",USER
Grace Taylor,grace.taylor@example.com,gracetaylor,"258 Walnut Ave, City, State 86420",USER
Henry Anderson,henry.anderson@example.com,henryanderson,"369 Ash St, City, State 75319",USER
Ivy Thomas,ivy.thomas@example.com,ivythomas,"741 Hickory Ct, City, State 64208",ADMIN